CLASS,ORDER,CLADE,GROUP,"FAMILY, SUBFAMILY, TRIBE",,GENUS,SPECIES,SUBSPECIES,COMMON NAME,SECONDARY COMMON NAMES,AUTHOR_YEAR,GENUS SPECIES SUBSPECIES,,,,,,,,,,,,
Amphibia,Anura,Pelodryadidae,"Amphibian - Frog, Hylid",PELODRYADIDAE,,Cyclorana,alboguttata,,Green-striped Frog,,"Günther, 1867",Cyclorana alboguttata,,,,,,,,,,,,
Amphibia,Anura,Pelodryadidae,"Amphibian - Frog, Hylid",PELODRYADIDAE,,Cyclorana,australis,,Northern Snapping Frog,Giant Frog,"Gray, 1842",Cyclorana australis,,,,,,,,,,,,
Amphibia,Anura,Pelodryadidae,"Amphibian - Frog, Hylid",PELODRYADIDAE,,Cyclorana,brevipes,,Superb Collared Frog,,"Peters, 1871",Cyclorana brevipes,,,,,,,,,,,,
Amphibia,Anura,Pelodryadidae,"Amphibian - Frog, Hylid",PELODRYADIDAE,,Cyclorana,cryptotis,,Hidden-ear Frog,Earless Frog,"Tyler & Martin, 1977",Cyclorana cryptotis,,,,,,,,,,,,
Amphibia,Anura,Pelodryadidae,"Amphibian - Frog, Hylid",PELODRYADIDAE,,Cyclorana,cultripes,,Knife-footed Frog,Grassland Collared Frog,"Parker, 1940",Cyclorana cultripes,,,,,,,,,,,,
Amphibia,Anura,Pelodryadidae,"Amphibian - Frog, Hylid",PELODRYADIDAE,,Cyclorana,longipes,,Long-footed Frog,,"Tyler & Martin, 1977",Cyclorana longipes,,,,,,,,,,,,
Amphibia,Anura,Pelodryadidae,"Amphibian - Frog, Hylid",PELODRYADIDAE,,Cyclorana,maculosa,,Spotted Collared Frog,Daly Waters Frog,"Tyler & Martin, 1977",Cyclorana maculosa,,,,,,,,,,,,
Amphibia,Anura,Pelodryadidae,"Amphibian - Frog, Hylid",PELODRYADIDAE,,Cyclorana,maini,,Main's Frog,"Sheep Frog, Western Collared Frog","Tyler & Martin, 1977",Cyclorana maini,,,,,,,,,,,,
Amphibia,Anura,Pelodryadidae,"Amphibian - Frog, Hylid",PELODRYADIDAE,,Cyclorana,manya,,Little Collared Frog,,"van Buerden & McDonald, 1980",Cyclorana manya,,,,,,,,,,,,
Amphibia,Anura,Pelodryadidae,"Amphibian - Frog, Hylid",PELODRYADIDAE,,Cyclorana,novaehollandiae,,Eastern Snapping Frog,,"Steindachner, 1867",Cyclorana novaehollandiae,,,,,,,,,,,,
Amphibia,Anura,Pelodryadidae,"Amphibian - Frog, Hylid",PELODRYADIDAE,,Cyclorana,occidentalis,,Western Water-holding Frog,,"Anstis, Price, Roberts, Hines, Catalano, Doughty & Donnellan, 2016",Cyclorana occidentalis,,,,,,,,,,,,
Amphibia,Anura,Pelodryadidae,"Amphibian - Frog, Hylid",PELODRYADIDAE,,Cyclorana,platycephalus,,Eastern Water-holding Frog,,"Günther, 1873",Cyclorana platycephalus,,,,,,,,,,,,
Amphibia,Anura,Pelodryadidae,"Amphibian - Frog, Hylid",PELODRYADIDAE,,Cyclorana,vagitus,,Wailing Frog,,"Tyler, Davies & Martin, 1981",Cyclorana vagitus,,,,,,,,,,,,
Amphibia,Anura,Pelodryadidae,"Amphibian - Frog, Hylid",PELODRYADIDAE,,Cyclorana,verrucosa,,Rough Collared Frog,,"Tyler & Martin, 1977",Cyclorana verrucosa,,,,,,,,,,,,
Amphibia,Anura,Pelodryadidae,"Amphibian - Frog, Hylid",PELODRYADIDAE,,Litoria,adelaidensis,,Slender Tree Frog,,"Gray, 1841",Litoria adelaidensis,,,,,,,,,,,,
Amphibia,Anura,Pelodryadidae,"Amphibian - Frog, Hylid",PELODRYADIDAE,,Litoria,andiirrmalin,,Cape Melville Tree Frog,"Andirrmalin Frog, Melville Range Tree Frog","McDonald, 1997",Litoria andiirrmalin,,,,,,,,,,,,
Amphibia,Anura,Pelodryadidae,"Amphibian - Frog, Hylid",PELODRYADIDAE,,Litoria,aurea,,Green and Gold Bell Frog,,"Lesson, 1829",Litoria aurea,,,,,,,,,,,,
Amphibia,Anura,Pelodryadidae,"Amphibian - Frog, Hylid",PELODRYADIDAE,,Litoria,aurifera,,Kimberley Rockhole Frog,,"Anstis, Tyler, Roberts, Price & Doughty, 2010",Litoria aurifera,,,,,,,,,,,,
Amphibia,Anura,Pelodryadidae,"Amphibian - Frog, Hylid",PELODRYADIDAE,,Litoria,axillaris,,Kimberley Rocket Frog,,"Doughty, 2011",Litoria axillaris,,,,,,,,,,,,
Amphibia,Anura,Pelodryadidae,"Amphibian - Frog, Hylid",PELODRYADIDAE,,Litoria,balatus,,Slender Bleating Tree Frog,,"Rowley, Mahony, Hines, Myers, Price, Shea & Donnellan, 2021",Litoria balatus,,,,,,,,,,,,
Amphibia,Anura,Pelodryadidae,"Amphibian - Frog, Hylid",PELODRYADIDAE,,Litoria,barringtonensis,,Barrington Tops Tree Frog,,"Copland, 1957",Litoria barringtonensis,,,,,,,,,,,,
Amphibia,Anura,Pelodryadidae,"Amphibian - Frog, Hylid",PELODRYADIDAE,,Litoria,bella,,Cape York Graceful Tree Frog,,"McDonald, Rowley, Richards & Frankham, 2016",Litoria bella,,,,,,,,,,,,
Amphibia,Anura,Pelodryadidae,"Amphibian - Frog, Hylid",PELODRYADIDAE,,Litoria,bicolor,,Northern Sedge Frog,Northern Dwarf Tree Frog,"Gray, 1842",Litoria bicolor,,,,,,,,,,,,
Amphibia,Anura,Pelodryadidae,"Amphibian - Frog, Hylid",PELODRYADIDAE,,Litoria,booroolongensis,,Booroolong Frog,,"Moore, 1961",Litoria booroolongensis,,,,,,,,,,,,
Amphibia,Anura,Pelodryadidae,"Amphibian - Frog, Hylid",PELODRYADIDAE,,Litoria,brevipalmata,,Green-thighed Frog,,"Tyler, Martin & Watson, 1972",Litoria brevipalmata,,,,,,,,,,,,
Amphibia,Anura,Pelodryadidae,"Amphibian - Frog, Hylid",PELODRYADIDAE,,Litoria,burrowsae,,Tasmanian Tree Frog,,"Scott, 1942",Litoria burrowsae,,,,,,,,,,,,
Amphibia,Anura,Pelodryadidae,"Amphibian - Frog, Hylid",PELODRYADIDAE,,Litoria,caerulea,,Green Tree Frog,Common Green Tree Frog,"White, 1790",Litoria caerulea,,,,,,,,,,,,
Amphibia,Anura,Pelodryadidae,"Amphibian - Frog, Hylid",PELODRYADIDAE,,Litoria,castanea,,Yellow-spotted Tree Frog,,"Steindachner, 1867",Litoria castanea,,,,,,,,,,,,
Amphibia,Anura,Pelodryadidae,"Amphibian - Frog, Hylid",PELODRYADIDAE,,Litoria,cavernicola,,Cave Frog,"Cave-dwelling Frog, Cave Tree Frog","Tyler & Davies, 1979",Litoria cavernicola,,,,,,,,,,,,
Amphibia,Anura,Pelodryadidae,"Amphibian - Frog, Hylid",PELODRYADIDAE,,Litoria,chloris,,Southern Orange-eyed Tree Frog,Red-eyed Tree Frog,"Boulenger, 1893",Litoria chloris,,,,,,,,,,,,
Amphibia,Anura,Pelodryadidae,"Amphibian - Frog, Hylid",PELODRYADIDAE,,Litoria,citropa,,Blue Mountains Tree Frog,,"Duméril & Bibron, 1841",Litoria citropa,,,,,,,,,,,,
Amphibia,Anura,Pelodryadidae,"Amphibian - Frog, Hylid",PELODRYADIDAE,,Litoria,cooloolensis,,Cooloola Sedge Frog,Cooloola Tree Frog,"Liem, 1974",Litoria cooloolensis,,,,,,,,,,,,
Amphibia,Anura,Pelodryadidae,"Amphibian - Frog, Hylid",PELODRYADIDAE,,Litoria,coplandi,,Common Rock Frog,"Copland's Rock Frog, Sandstone Frog","Tyler, 1968",Litoria coplandi,,,,,,,,,,,,
Amphibia,Anura,Pelodryadidae,"Amphibian - Frog, Hylid",PELODRYADIDAE,,Litoria,cyclorhyncha,,Spotted-thighed Frog,,"Boulenger, 1882",Litoria cyclorhyncha,,,,,,,,,,,,
Amphibia,Anura,Pelodryadidae,"Amphibian - Frog, Hylid",PELODRYADIDAE,,Litoria,dahlii,,Dahl’s Aquatic Frog,Northern Water Frog,"Boulenger, 1896",Litoria dahlii,,,,,,,,,,,,
Amphibia,Anura,Pelodryadidae,"Amphibian - Frog, Hylid",PELODRYADIDAE,,Litoria,daviesae,,Davies' Tree Frog,,"Mahony, Knowles, Foster & Donnellan, 2001",Litoria daviesae,,,,,,,,,,,,
Amphibia,Anura,Pelodryadidae,"Amphibian - Frog, Hylid",PELODRYADIDAE,,Litoria,dayi,,Australian Lace-lid,,"Günther, 1897",Litoria dayi,,,,,,,,,,,,
Amphibia,Anura,Pelodryadidae,"Amphibian - Frog, Hylid",PELODRYADIDAE,,Litoria,dentata,,Robust Bleating Tree Frog,Bleating Tree Frog,"Keferstein, 1868",Litoria dentata,,,,,,,,,,,,
Amphibia,Anura,Pelodryadidae,"Amphibian - Frog, Hylid",PELODRYADIDAE,,Litoria,electrica,,Buzzing Tree Frog,,"Ingram & Corben, 1990",Litoria electrica,,,,,,,,,,,,
Amphibia,Anura,Pelodryadidae,"Amphibian - Frog, Hylid",PELODRYADIDAE,,Litoria,eucnemis,,Growling Green-eyed Tree Frog,Fringed Tree Frog,"Lonnberg, 1900",Litoria eucnemis,,,,,,,,,,,,
Amphibia,Anura,Pelodryadidae,"Amphibian - Frog, Hylid",PELODRYADIDAE,,Litoria,ewingii,,Ewing's Tree Frog,Brown Tree Frog,"Duméril & Bibron, 1841",Litoria ewingii,,,,,,,,,,,,
Amphibia,Anura,Pelodryadidae,"Amphibian - Frog, Hylid",PELODRYADIDAE,,Litoria,fallax,,Eastern Sedge Frog,Eastern Dwarf Tree Frog,"Peters, 1880",Litoria fallax,,,,,,,,,,,,
Amphibia,Anura,Pelodryadidae,"Amphibian - Frog, Hylid",PELODRYADIDAE,,Litoria,freycineti,,Wallum Rocket Frog,,"Tschudi, 1838",Litoria freycineti,,,,,,,,,,,,
Amphibia,Anura,Pelodryadidae,"Amphibian - Frog, Hylid",PELODRYADIDAE,,Litoria,gilleni,,Centralian Tree Frog,,"Spencer, 1896",Litoria gilleni,,,,,,,,,,,,
Amphibia,Anura,Pelodryadidae,"Amphibian - Frog, Hylid",PELODRYADIDAE,,Litoria,gracilenta,,Graceful Tree Frog,Dainty Green Tree Frog,"Peters, 1869",Litoria gracilenta,,,,,,,,,,,,
Amphibia,Anura,Pelodryadidae,"Amphibian - Frog, Hylid",PELODRYADIDAE,,Litoria,inermis,,Bumpy Rocket Frog,,"Peters, 1867",Litoria inermis,,,,,,,,,,,,
Amphibia,Anura,Pelodryadidae,"Amphibian - Frog, Hylid",PELODRYADIDAE,,Litoria,infrafrenata,,White-lipped Tree Frog,Giant Tree Frog,"Günther, 1867",Litoria infrafrenata,,,,,,,,,,,,
Amphibia,Anura,Pelodryadidae,"Amphibian - Frog, Hylid",PELODRYADIDAE,,Litoria,jervisiensis,,Jervis Bay Tree Frog,,"Duméril & Bibron, 1841",Litoria jervisiensis,,,,,,,,,,,,
Amphibia,Anura,Pelodryadidae,"Amphibian - Frog, Hylid",PELODRYADIDAE,,Litoria,jungguy,,Northern Stony-creek Frog,Jungguy Tree Frog,"Donnellan & Mahony, 2004",Litoria jungguy,,,,,,,,,,,,
Amphibia,Anura,Pelodryadidae,"Amphibian - Frog, Hylid",PELODRYADIDAE,,Litoria,kroombitensis,,Kroombit Tree Frog,,"Hoskin, Hines, Meyer, Clarke & Cunningham, 2013",Litoria kroombitensis,,,,,,,,,,,,
Amphibia,Anura,Pelodryadidae,"Amphibian - Frog, Hylid",PELODRYADIDAE,,Litoria,latopalmata,,Broad-palmed Rocket Frog,,"Günther, 1867",Litoria latopalmata,,,,,,,,,,,,
Amphibia,Anura,Pelodryadidae,"Amphibian - Frog, Hylid",PELODRYADIDAE,,Litoria,lesueuri,,Southern Stony-creek Frog,,"Duméril & Bibron, 1841",Litoria lesueuri,,,,,,,,,,,,
Amphibia,Anura,Pelodryadidae,"Amphibian - Frog, Hylid",PELODRYADIDAE,,Litoria,littlejohni,,Heath Tree Frog,,"White, Whitford & Mahony, 1994",Litoria littlejohni,,,,,,,,,,,,
Amphibia,Anura,Pelodryadidae,"Amphibian - Frog, Hylid",PELODRYADIDAE,,Litoria,longirostris,,Long-snouted Tree Frog,,"Tyler & Davies, 1977",Litoria longirostris,,,,,,,,,,,,
Amphibia,Anura,Pelodryadidae,"Amphibian - Frog, Hylid",PELODRYADIDAE,,Litoria,lorica,,Armoured Mist Frog,Little Waterfall Frog,"Davies & McDonald, 1979",Litoria lorica,,,,,,,,,,,,
Amphibia,Anura,Pelodryadidae,"Amphibian - Frog, Hylid",PELODRYADIDAE,,Litoria,meiriana,,Rockhole Frog,,"Tyler, 1969",Litoria meiriana,,,,,,,,,,,,
Amphibia,Anura,Pelodryadidae,"Amphibian - Frog, Hylid",PELODRYADIDAE,,Litoria,microbelos,,Javelin Frog,,"Cogger, 1966",Litoria microbelos,,,,,,,,,,,,
Amphibia,Anura,Pelodryadidae,"Amphibian - Frog, Hylid",PELODRYADIDAE,,Litoria,moorei,,Motorbike Frog,,"Copland, 1957",Litoria moorei,,,,,,,,,,,,
Amphibia,Anura,Pelodryadidae,"Amphibian - Frog, Hylid",PELODRYADIDAE,,Litoria,myola,,Kuranda Tree Frog,,"Hoskin, 2007",Litoria myola,,,,,,,,,,,,
Amphibia,Anura,Pelodryadidae,"Amphibian - Frog, Hylid",PELODRYADIDAE,,Litoria,nannotis,,Waterfall Frog,Torrent Tree Frog,"Andersson, 1916",Litoria nannotis,,,,,,,,,,,,
Amphibia,Anura,Pelodryadidae,"Amphibian - Frog, Hylid",PELODRYADIDAE,,Litoria,nasuta,,Striped Rocket Frog,Rocket Frog,"Gray, 1842",Litoria nasuta,,,,,,,,,,,,
Amphibia,Anura,Pelodryadidae,"Amphibian - Frog, Hylid",PELODRYADIDAE,,Litoria,nigrofrenata,,Tawny Rocket Frog,Bridle Frog,"Günther, 1867",Litoria nigrofrenata,,,,,,,,,,,,
Amphibia,Anura,Pelodryadidae,"Amphibian - Frog, Hylid",PELODRYADIDAE,,Litoria,nudidigitus,,Southern Leaf-green Tree Frog,Leaf Green River Tree Frog,"Copland, 1963",Litoria nudidigitus,,,,,,,,,,,,
Amphibia,Anura,Pelodryadidae,"Amphibian - Frog, Hylid",PELODRYADIDAE,,Litoria,nyakalensis,,Mountain Mist Frog,Nyakala Frog,"Liem, 1974",Litoria nyakalensis,,,,,,,,,,,,
Amphibia,Anura,Pelodryadidae,"Amphibian - Frog, Hylid",PELODRYADIDAE,,Litoria,olongburensis,,Wallum Sedge Frog,Olongburra Frog,"Liem & Ingram, 1977",Litoria olongburensis,,,,,,,,,,,,
Amphibia,Anura,Pelodryadidae,"Amphibian - Frog, Hylid",PELODRYADIDAE,,Litoria,pallida,,Pale Rocket Frog,Pallid Rocket Frog,"Davies, Martin & Watson, 1983",Litoria pallida,,,,,,,,,,,,
Amphibia,Anura,Pelodryadidae,"Amphibian - Frog, Hylid",PELODRYADIDAE,,Litoria,paraewingi,,Victorian Tree Frog,,"Watson, Loftus-Hills & Littlejohn, 1971",Litoria paraewingi,,,,,,,,,,,,
Amphibia,Anura,Pelodryadidae,"Amphibian - Frog, Hylid",PELODRYADIDAE,,Litoria,pearsoniana,,Cascade Tree Frog,,"Copland, 1961",Litoria pearsoniana,,,,,,,,,,,,
Amphibia,Anura,Pelodryadidae,"Amphibian - Frog, Hylid",PELODRYADIDAE,,Litoria,peronii,,Emerald-spotted Tree Frog,,"Tschudi, 1838",Litoria peronii,,,,,,,,,,,,
Amphibia,Anura,Pelodryadidae,"Amphibian - Frog, Hylid",PELODRYADIDAE,,Litoria,personata,,Masked Frog,,"Tyler, Davies & Martin, 1978",Litoria personata,,,,,,,,,,,,
Amphibia,Anura,Pelodryadidae,"Amphibian - Frog, Hylid",PELODRYADIDAE,,Litoria,phyllochroa,,Leaf-green Tree Frog,Green Stream Frog,"Günther, 1863",Litoria phyllochroa,,,,,,,,,,,,
Amphibia,Anura,Pelodryadidae,"Amphibian - Frog, Hylid",PELODRYADIDAE,,Litoria,piperata,,Peppered Tree Frog,,"Tyler & Davies, 1985",Litoria piperata,,,,,,,,,,,,
Amphibia,Anura,Pelodryadidae,"Amphibian - Frog, Hylid",PELODRYADIDAE,,Litoria,quiritatus,,Screaming Tree Frog,,"Rowley, Mahony, Hines, Myers, Price, Shea & Donnellan, 2021",Litoria quiritatus,,,,,,,,,,,,
Amphibia,Anura,Pelodryadidae,"Amphibian - Frog, Hylid",PELODRYADIDAE,,Litoria,raniformis,,Southern Bell Frog,,"Keferstein, 1867",Litoria raniformis,,,,,,,,,,,,
Amphibia,Anura,Pelodryadidae,"Amphibian - Frog, Hylid",PELODRYADIDAE,,Litoria,revelata,,Whirring Tree Frog,Revealed Frog,"Ingram, Corben & Hosmer, 1982",Litoria revelata,,,,,,,,,,,,
Amphibia,Anura,Pelodryadidae,"Amphibian - Frog, Hylid",PELODRYADIDAE,,Litoria,rheocola,,Common Mist Frog,,"Liem, 1974",Litoria rheocola,,,,,,,,,,,,
Amphibia,Anura,Pelodryadidae,"Amphibian - Frog, Hylid",PELODRYADIDAE,,Litoria,rothii,,Northern Laughing Tree Frog,Roth's Tree Frog,"De Vis, 1884",Litoria rothii,,,,,,,,,,,,
Amphibia,Anura,Pelodryadidae,"Amphibian - Frog, Hylid",PELODRYADIDAE,,Litoria,rubella,,Little Red Tree Frog,"Desert Tree Frog, Ruddy Tree Frog","Gray, 1842",Litoria rubella,,,,,,,,,,,,
Amphibia,Anura,Pelodryadidae,"Amphibian - Frog, Hylid",PELODRYADIDAE,,Litoria,serrata,,Green-eyed Tree Frog,,"Andersson, 1916",Litoria serrata,,,,,,,,,,,,
Amphibia,Anura,Pelodryadidae,"Amphibian - Frog, Hylid",PELODRYADIDAE,,Litoria,spaldingi,,Spalding's Rocket Frog,,"Hosmer, 1964",Litoria spaldingi,,,,,,,,,,,,
Amphibia,Anura,Pelodryadidae,"Amphibian - Frog, Hylid",PELODRYADIDAE,,Litoria,spenceri,,Spotted Tree Frog,,"Dubois, 1984",Litoria spenceri,,,,,,,,,,,,
Amphibia,Anura,Pelodryadidae,"Amphibian - Frog, Hylid",PELODRYADIDAE,,Litoria,splendida,,Magnificent Tree Frog,Splendid Tree Frog,"Tyler, Davies & Martin, 1977",Litoria splendida,,,,,,,,,,,,
Amphibia,Anura,Pelodryadidae,"Amphibian - Frog, Hylid",PELODRYADIDAE,,Litoria,staccato,,Chattering Rock Frog,,"Doughty & Anstis, 2007",Litoria staccato,,,,,,,,,,,,
Amphibia,Anura,Pelodryadidae,"Amphibian - Frog, Hylid",PELODRYADIDAE,,Litoria,subglandulosa,,New England Tree Frog,Glandular Frog,"Tyler & Anstis, 1983",Litoria subglandulosa,,,,,,,,,,,,
Amphibia,Anura,Pelodryadidae,"Amphibian - Frog, Hylid",PELODRYADIDAE,,Litoria,tornieri,,Black-shinned Rocket Frog,,"Nieden, 1923",Litoria tornieri,,,,,,,,,,,,
Amphibia,Anura,Pelodryadidae,"Amphibian - Frog, Hylid",PELODRYADIDAE,,Litoria,tyleri,,Laughing Tree Frog,"Tyler's Tree Frog, Southern Laughing Tree Frog","Martin, Watson, Gartside, Littlejohn & Loftus-Hills, 1979",Litoria tyleri,,,,,,,,,,,,
Amphibia,Anura,Pelodryadidae,"Amphibian - Frog, Hylid",PELODRYADIDAE,,Litoria,verreauxii,alpina,Alpine Tree Frog,,"Fry, 1915",Litoria verreauxii alpina,,,,,,,,,,,,
Amphibia,Anura,Pelodryadidae,"Amphibian - Frog, Hylid",PELODRYADIDAE,,Litoria,verreauxii,verreauxii,Whistling Tree Frog,,"Duméril, 1853",Litoria verreauxii verreauxii,,,,,,,,,,,,
Amphibia,Anura,Pelodryadidae,"Amphibian - Frog, Hylid",PELODRYADIDAE,,Litoria,watjulumensis,,Wotjulum Frog,Giant Rocket Frog,"Copland, 1957",Litoria watjulumensis,,,,,,,,,,,,
Amphibia,Anura,Pelodryadidae,"Amphibian - Frog, Hylid",PELODRYADIDAE,,Litoria,wilcoxii,,Eastern Stony-creek Frog,,"Günther, 1864",Litoria wilcoxii,,,,,,,,,,,,
Amphibia,Anura,Pelodryadidae,"Amphibian - Frog, Hylid",PELODRYADIDAE,,Litoria,xanthomera,,Northern Orange-eyed Tree Frog,Orange-thighed Tree Frog,"Davies, McDonald & Adams, 1986",Litoria xanthomera,,,,,,,,,,,,
Amphibia,Anura,Microhylidae,"Amphibian - Frog, Microhylid","MICROHYLIDAE, ASTEROPHRYINAE",,Austrochaperina,adelphe,,Northern Territory Whistling Frog,,"Zweifel, 1985",Austrochaperina adelphe,,,,,,,,,,,,
Amphibia,Anura,Microhylidae,"Amphibian - Frog, Microhylid","MICROHYLIDAE, ASTEROPHRYINAE",,Austrochaperina,fryi,,Peeping Whistling Frog,,"Zweifel, 1962",Austrochaperina fryi,,,,,,,,,,,,
Amphibia,Anura,Microhylidae,"Amphibian - Frog, Microhylid","MICROHYLIDAE, ASTEROPHRYINAE",,Austrochaperina,gracilipes,,Cape York Whistling Frog,Shrill Whistle Frog,"Fry, 1912",Austrochaperina gracilipes,,,,,,,,,,,,
Amphibia,Anura,Microhylidae,"Amphibian - Frog, Microhylid","MICROHYLIDAE, ASTEROPHRYINAE",,Austrochaperina,pluvialis,,Rain Whistling Frog,White-browed Whistle Frog,"Zweifel, 1965",Austrochaperina pluvialis,,,,,,,,,,,,
Amphibia,Anura,Microhylidae,"Amphibian - Frog, Microhylid","MICROHYLIDAE, ASTEROPHRYINAE",,Austrochaperina,robusta,,Robust Whistling Frog,,"Fry, 1912",Austrochaperina robusta,,,,,,,,,,,,
Amphibia,Anura,Microhylidae,"Amphibian - Frog, Microhylid","MICROHYLIDAE, ASTEROPHRYINAE",,Cophixalus,aenigma,,Tapping Nursery Frog,,"Hoskin, 2004",Cophixalus aenigma,,,,,,,,,,,,
Amphibia,Anura,Microhylidae,"Amphibian - Frog, Microhylid","MICROHYLIDAE, ASTEROPHRYINAE",,Cophixalus,australis,,Southern Ornate Nursery Frog,,"Hoskin, 2012",Cophixalus australis,,,,,,,,,,,,
Amphibia,Anura,Microhylidae,"Amphibian - Frog, Microhylid","MICROHYLIDAE, ASTEROPHRYINAE",,Cophixalus,bombiens,,Buzzing Nursery Frog,,"Zweifel, 1985",Cophixalus bombiens,,,,,,,,,,,,
Amphibia,Anura,Microhylidae,"Amphibian - Frog, Microhylid","MICROHYLIDAE, ASTEROPHRYINAE",,Cophixalus,concinnus,,Beautiful Nursery Frog,Tapping Nursery Frog,"Tyler, 1979",Cophixalus concinnus,,,,,,,,,,,,
Amphibia,Anura,Microhylidae,"Amphibian - Frog, Microhylid","MICROHYLIDAE, ASTEROPHRYINAE",,Cophixalus,crepitans,,McIlwraith Nursery Frog,Northern Nursery Frog,"Zweifel, 1985",Cophixalus crepitans,,,,,,,,,,,,
Amphibia,Anura,Microhylidae,"Amphibian - Frog, Microhylid","MICROHYLIDAE, ASTEROPHRYINAE",,Cophixalus,exiguus,,Northern Tapping Nursery Frog,Dainty Nursery Frog,"Zweifel & Parker, 1969",Cophixalus exiguus,,,,,,,,,,,,
Amphibia,Anura,Microhylidae,"Amphibian - Frog, Microhylid","MICROHYLIDAE, ASTEROPHRYINAE",,Cophixalus,hinchinbrookensis,,Hinchinbrook Island Nursery Frog,,"Hoskin, 2012",Cophixalus hinchinbrookensis,,,,,,,,,,,,
Amphibia,Anura,Microhylidae,"Amphibian - Frog, Microhylid","MICROHYLIDAE, ASTEROPHRYINAE",,Cophixalus,hosmeri,,Rattling Nursery Frog,,"Zweifel, 1985",Cophixalus hosmeri,,,,,,,,,,,,
Amphibia,Anura,Microhylidae,"Amphibian - Frog, Microhylid","MICROHYLIDAE, ASTEROPHRYINAE",,Cophixalus,infacetus,,Creaking Nursery Frog,,"Zweifel, 1985",Cophixalus infacetus,,,,,,,,,,,,
Amphibia,Anura,Microhylidae,"Amphibian - Frog, Microhylid","MICROHYLIDAE, ASTEROPHRYINAE",,Cophixalus,kulakula,,Kutini Boulder Frog,,"Hoskin & Aland, 2011",Cophixalus kulakula,,,,,,,,,,,,
Amphibia,Anura,Microhylidae,"Amphibian - Frog, Microhylid","MICROHYLIDAE, ASTEROPHRYINAE",,Cophixalus,mcdonaldi,,Mt Elliot Nursery Frog,,"Zweifel, 1985",Cophixalus mcdonaldi,,,,,,,,,,,,
Amphibia,Anura,Microhylidae,"Amphibian - Frog, Microhylid","MICROHYLIDAE, ASTEROPHRYINAE",,Cophixalus,monticola,,Mountaintop Nursery Frog,Mountain Nursery Frog,"Richards, Dennis, Trenerry & Werren, 1994",Cophixalus monticola,,,,,,,,,,,,
Amphibia,Anura,Microhylidae,"Amphibian - Frog, Microhylid","MICROHYLIDAE, ASTEROPHRYINAE",,Cophixalus,neglectus,,Bellenden Ker Nursery Frog,,"Zweifel, 1962",Cophixalus neglectus,,,,,,,,,,,,
Amphibia,Anura,Microhylidae,"Amphibian - Frog, Microhylid","MICROHYLIDAE, ASTEROPHRYINAE",,Cophixalus,ornatus,,Northern Ornate Nursery Frog,Ornate Nursery Frog,"Fry, 1912",Cophixalus ornatus,,,,,,,,,,,,
Amphibia,Anura,Microhylidae,"Amphibian - Frog, Microhylid","MICROHYLIDAE, ASTEROPHRYINAE",,Cophixalus,pakayakulangun,,Golden-capped Boulder Frog,,"Hoskin & Aland, 2011",Cophixalus pakayakulangun,,,,,,,,,,,,
Amphibia,Anura,Microhylidae,"Amphibian - Frog, Microhylid","MICROHYLIDAE, ASTEROPHRYINAE",,Cophixalus,peninsularis,,Cape York Nursery Frog,,"Zweifel, 1985",Cophixalus peninsularis,,,,,,,,,,,,
Amphibia,Anura,Microhylidae,"Amphibian - Frog, Microhylid","MICROHYLIDAE, ASTEROPHRYINAE",,Cophixalus,petrophilus,,Blotched Boulder Frog,,"Hoskin, 2013",Cophixalus petrophilus,,,,,,,,,,,,
Amphibia,Anura,Microhylidae,"Amphibian - Frog, Microhylid","MICROHYLIDAE, ASTEROPHRYINAE",,Cophixalus,saxatilis,,Black Mountain Boulder Frog,,"Zweifel & Parker, 1977",Cophixalus saxatilis,,,,,,,,,,,,
Amphibia,Anura,Microhylidae,"Amphibian - Frog, Microhylid","MICROHYLIDAE, ASTEROPHRYINAE",,Cophixalus,zweifeli,,Cape Melville Boulder Frog,,"Davies & McDonald, 1998",Cophixalus zweifeli,,,,,,,,,,,,
Amphibia,Anura,Myobatrachoidea,"Amphibian - Frog, Myobatrachid",LIMNODYNASTIDAE,,Adelotus,brevis,,Tusked Frog,,"Günther, 1863",Adelotus brevis,,,,,,,,,,,,
Amphibia,Anura,Myobatrachoidea,"Amphibian - Frog, Myobatrachid",LIMNODYNASTIDAE,,Heleioporus,albopunctatus,,Western Spotted Frog,,"Gray, 1841",Heleioporus albopunctatus,,,,,,,,,,,,
Amphibia,Anura,Myobatrachoidea,"Amphibian - Frog, Myobatrachid",LIMNODYNASTIDAE,,Heleioporus,australiacus,australiacus,Giant Burrowing Frog,Eastern Owl Frog,"Shaw & Nodder, 1795",Heleioporus australiacus australiacus,,,,,,,,,,,,
Amphibia,Anura,Myobatrachoidea,"Amphibian - Frog, Myobatrachid",LIMNODYNASTIDAE,,Heleioporus,australiacus,flavopunctatus,Southern Owl Frog,,"Mahony, Penman, Bertozzi, Lemckert, Bilney & Donnellan, 2021",Heleioporus australiacus flavopunctatus,,,,,,,,,,,,
Amphibia,Anura,Myobatrachoidea,"Amphibian - Frog, Myobatrachid",LIMNODYNASTIDAE,,Heleioporus,barycragus,,Hooting Frog,,"Lee, 1967",Heleioporus barycragus,,,,,,,,,,,,
Amphibia,Anura,Myobatrachoidea,"Amphibian - Frog, Myobatrachid",LIMNODYNASTIDAE,,Heleioporus,eyrei,,Moaning Frog,,"Gray, 1845",Heleioporus eyrei,,,,,,,,,,,,
Amphibia,Anura,Myobatrachoidea,"Amphibian - Frog, Myobatrachid",LIMNODYNASTIDAE,,Heleioporus,inornatus,,Whooping Frog,,"Lee & Main, 1954",Heleioporus inornatus,,,,,,,,,,,,
Amphibia,Anura,Myobatrachoidea,"Amphibian - Frog, Myobatrachid",LIMNODYNASTIDAE,,Heleioporus,psammophilus,,Sand Frog,,"Lee & Main, 1954",Heleioporus psammophilus,,,,,,,,,,,,
Amphibia,Anura,Myobatrachoidea,"Amphibian - Frog, Myobatrachid",LIMNODYNASTIDAE,,Limnodynastes,convexiusculus,,Marbled Frog,,"Macleay, 1877",Limnodynastes convexiusculus,,,,,,,,,,,,
Amphibia,Anura,Myobatrachoidea,"Amphibian - Frog, Myobatrachid",LIMNODYNASTIDAE,,Limnodynastes,depressus,,Flat-headed Frog,,"Tyler, 1976",Limnodynastes depressus,,,,,,,,,,,,
Amphibia,Anura,Myobatrachoidea,"Amphibian - Frog, Myobatrachid",LIMNODYNASTIDAE,,Limnodynastes,dorsalis,,Western Banjo Frog,,"Gray, 1841",Limnodynastes dorsalis,,,,,,,,,,,,
Amphibia,Anura,Myobatrachoidea,"Amphibian - Frog, Myobatrachid",LIMNODYNASTIDAE,,Limnodynastes,dumerilii,dumerilii,Eastern Banjo Frog,Grey-bellied Pobblebonk,"Peters, 1863",Limnodynastes dumerilii dumerilii,,,,,,,,,,,,
Amphibia,Anura,Myobatrachoidea,"Amphibian - Frog, Myobatrachid",LIMNODYNASTIDAE,,Limnodynastes,dumerilii,fryi,Snowy Mountains Banjo Frog,,"Martin, 1972",Limnodynastes dumerilii fryi,,,,,,,,,,,,
Amphibia,Anura,Myobatrachoidea,"Amphibian - Frog, Myobatrachid",LIMNODYNASTIDAE,,Limnodynastes,dumerilii,grayi,Coastal Banjo Frog,,"Steindachner, 1867",Limnodynastes dumerilii grayi,,,,,,,,,,,,
Amphibia,Anura,Myobatrachoidea,"Amphibian - Frog, Myobatrachid",LIMNODYNASTIDAE,,Limnodynastes,dumerilii,insularis,Southern Banjo Frog,,"Parker, 1940",Limnodynastes dumerilii insularis,,,,,,,,,,,,
Amphibia,Anura,Myobatrachoidea,"Amphibian - Frog, Myobatrachid",LIMNODYNASTIDAE,,Limnodynastes,dumerilii,variegatus,Variegated Banjo Frog,,"Martin, 1972",Limnodynastes dumerilii variegatus,,,,,,,,,,,,
Amphibia,Anura,Myobatrachoidea,"Amphibian - Frog, Myobatrachid",LIMNODYNASTIDAE,,Limnodynastes,fletcheri,,Barking Marsh Frog,Barking Frog,"Boulenger, 1888",Limnodynastes fletcheri,,,,,,,,,,,,
Amphibia,Anura,Myobatrachoidea,"Amphibian - Frog, Myobatrachid",LIMNODYNASTIDAE,,Limnodynastes,interioris,,Giant Banjo Frog,,"Fry, 1913",Limnodynastes interioris,,,,,,,,,,,,
Amphibia,Anura,Myobatrachoidea,"Amphibian - Frog, Myobatrachid",LIMNODYNASTIDAE,,Limnodynastes,lignarius,,Woodworker Frog,Carpenter Frog,"Tyler, Martin & Davies, 1979",Limnodynastes lignarius,,,,,,,,,,,,
Amphibia,Anura,Myobatrachoidea,"Amphibian - Frog, Myobatrachid",LIMNODYNASTIDAE,,Limnodynastes,peronii,,Striped Marsh Frog,,"Duméril & Bibron, 1841",Limnodynastes peronii,,,,,,,,,,,,
Amphibia,Anura,Myobatrachoidea,"Amphibian - Frog, Myobatrachid",LIMNODYNASTIDAE,,Limnodynastes,salmini,,Salmon-striped Frog,,"Steindachner, 1867",Limnodynastes salmini,,,,,,,,,,,,
Amphibia,Anura,Myobatrachoidea,"Amphibian - Frog, Myobatrachid",LIMNODYNASTIDAE,,Limnodynastes,tasmaniensis,,Spotted Marsh Frog,Spotted Grass Frog,"Günther, 1858",Limnodynastes tasmaniensis,,,,,,,,,,,,
Amphibia,Anura,Myobatrachoidea,"Amphibian - Frog, Myobatrachid",LIMNODYNASTIDAE,,Limnodynastes,terraereginae,,Scarlet-sided Pobblebonk,Northern Banjo Frog,"Fry, 1915",Limnodynastes terraereginae,,,,,,,,,,,,
Amphibia,Anura,Myobatrachoidea,"Amphibian - Frog, Myobatrachid",LIMNODYNASTIDAE,,Neobatrachus,albipes,,White-footed Trilling Frog,,"Roberts, Mahony, Kendrick & Majors, 1991",Neobatrachus albipes,,,,,,,,,,,,
Amphibia,Anura,Myobatrachoidea,"Amphibian - Frog, Myobatrachid",LIMNODYNASTIDAE,,Neobatrachus,aquilonius,,Northern Trilling Frog,"Northern Burrowing Frog, Rattling Frog","Tyler, Davies & Martin, 1981",Neobatrachus aquilonius,,,,,,,,,,,,
Amphibia,Anura,Myobatrachoidea,"Amphibian - Frog, Myobatrachid",LIMNODYNASTIDAE,,Neobatrachus,fulvus,,Tawny Trilling Frog,,"Mahony & Roberts, 1986",Neobatrachus fulvus,,,,,,,,,,,,
Amphibia,Anura,Myobatrachoidea,"Amphibian - Frog, Myobatrachid",LIMNODYNASTIDAE,,Neobatrachus,kunapalari,,Wheatbelt Frog,Kunupalari Frog,"Mahony & Roberts, 1986",Neobatrachus kunapalari,,,,,,,,,,,,
Amphibia,Anura,Myobatrachoidea,"Amphibian - Frog, Myobatrachid",LIMNODYNASTIDAE,,Neobatrachus,pelobatoides,,Humming Frog,,"Werner, 1914",Neobatrachus pelobatoides,,,,,,,,,,,,
Amphibia,Anura,Myobatrachoidea,"Amphibian - Frog, Myobatrachid",LIMNODYNASTIDAE,,Neobatrachus,pictus,,Painted Trilling Frog,Painted Spadefoot Frog,"Peters, 1863",Neobatrachus pictus,,,,,,,,,,,,
Amphibia,Anura,Myobatrachoidea,"Amphibian - Frog, Myobatrachid",LIMNODYNASTIDAE,,Neobatrachus,sudellae,,Desert Trilling Frog,"Common Spadefoot Frog, Meeowing Frog","Lamb, 1911",Neobatrachus sudellae,,,,,,,,,,,,
Amphibia,Anura,Myobatrachoidea,"Amphibian - Frog, Myobatrachid",LIMNODYNASTIDAE,,Neobatrachus,sutor,,Shoemaker Frog,,"Main, 1957",Neobatrachus sutor,,,,,,,,,,,,
Amphibia,Anura,Myobatrachoidea,"Amphibian - Frog, Myobatrachid",LIMNODYNASTIDAE,,Neobatrachus,wilsmorei,,Plonking Frog,Goldfields Bull Frog,"Parker, 1940",Neobatrachus wilsmorei,,,,,,,,,,,,
Amphibia,Anura,Myobatrachoidea,"Amphibian - Frog, Myobatrachid",LIMNODYNASTIDAE,,Notaden,bennettii,,Holy Cross Frog,Crucifix Toad,"Günther, 1873",Notaden bennettii,,,,,,,,,,,,
Amphibia,Anura,Myobatrachoidea,"Amphibian - Frog, Myobatrachid",LIMNODYNASTIDAE,,Notaden,melanoscaphus,,Northern Spadefoot,Brown Shovelfoot,"Hosmer, 1962",Notaden melanoscaphus,,,,,,,,,,,,
Amphibia,Anura,Myobatrachoidea,"Amphibian - Frog, Myobatrachid",LIMNODYNASTIDAE,,Notaden,nichollsi,,Desert Spadefoot,Desert Shovelfoot,"Parker, 1940",Notaden nichollsi,,,,,,,,,,,,
Amphibia,Anura,Myobatrachoidea,"Amphibian - Frog, Myobatrachid",LIMNODYNASTIDAE,,Notaden,weigeli,,Kimberley Spadefoot,,"Shea & Johnston, 1988",Notaden weigeli,,,,,,,,,,,,
Amphibia,Anura,Myobatrachoidea,"Amphibian - Frog, Myobatrachid",LIMNODYNASTIDAE,,Philoria,frosti,,Baw Baw Frog,,"Spencer, 1901",Philoria frosti,,,,,,,,,,,,
Amphibia,Anura,Myobatrachoidea,"Amphibian - Frog, Myobatrachid",LIMNODYNASTIDAE,,Philoria,knowlesi,,Mt Ballow Mountain Frog,,"Mahony, Hines, Mahony & Donnellan, 2022",Philoria knowlesi,,,,,,,,,,,,
Amphibia,Anura,Myobatrachoidea,"Amphibian - Frog, Myobatrachid",LIMNODYNASTIDAE,,Philoria,kundagungan,,Red and Yellow Mountain Frog,,"Ingram & Corben, 1975",Philoria kundagungan,,,,,,,,,,,,
Amphibia,Anura,Myobatrachoidea,"Amphibian - Frog, Myobatrachid",LIMNODYNASTIDAE,,Philoria,loveridgei,,Masked Mountain Frog,,"Parker, 1940",Philoria loveridgei,,,,,,,,,,,,
Amphibia,Anura,Myobatrachoidea,"Amphibian - Frog, Myobatrachid",LIMNODYNASTIDAE,,Philoria,pughi,,Pugh's Mountain Frog,,"Knowles, Mahony, Armstrong & Donnellan, 2004",Philoria pughi,,,,,,,,,,,,
Amphibia,Anura,Myobatrachoidea,"Amphibian - Frog, Myobatrachid",LIMNODYNASTIDAE,,Philoria,richmondensis,,Richmond Range Mountain Frog,,"Knowles, Mahony, Armstrong & Donnellan, 2004",Philoria richmondensis,,,,,,,,,,,,
Amphibia,Anura,Myobatrachoidea,"Amphibian - Frog, Myobatrachid",LIMNODYNASTIDAE,,Philoria,sphagnicolus,,Sphagnum Frog,,"Moore, 1958",Philoria sphagnicolus,,,,,,,,,,,,
Amphibia,Anura,Myobatrachoidea,"Amphibian - Frog, Myobatrachid",LIMNODYNASTIDAE,,Platyplectrum,fletcheri,,Black-soled Frog,Fletcher's Frog,"Boulenger, 1890",Platyplectrum fletcheri,,,,,,,,,,,,
Amphibia,Anura,Myobatrachoidea,"Amphibian - Frog, Myobatrachid",LIMNODYNASTIDAE,,Platyplectrum,ornatum,,Ornate Burrowing Frog,,"Gray, 1842",Platyplectrum ornatum,,,,,,,,,,,,
Amphibia,Anura,Myobatrachoidea,"Amphibian - Frog, Myobatrachid",LIMNODYNASTIDAE,,Platyplectrum,spenceri,,Centralian Burrowing Frog,"Spencer's Frog, Desert Burrowing Frog","Parker, 1940",Platyplectrum spenceri,,,,,,,,,,,,
Amphibia,Anura,Myobatrachoidea,"Amphibian - Frog, Myobatrachid",MYOBATRACHIDAE,,Anstisia,alba,,White-bellied Froglet,,"Wardell-Johnson & Roberts, 1989",Anstisia alba,,,,,,,,,,,,
Amphibia,Anura,Myobatrachoidea,"Amphibian - Frog, Myobatrachid",MYOBATRACHIDAE,,Anstisia,lutea,,Walpole Froglet,Nornalup Frog,"Main, 1963",Anstisia lutea,,,,,,,,,,,,
Amphibia,Anura,Myobatrachoidea,"Amphibian - Frog, Myobatrachid",MYOBATRACHIDAE,,Anstisia,rosea,,Roseate Froglet,,"Harrison, 1927",Anstisia rosea,,,,,,,,,,,,
Amphibia,Anura,Myobatrachoidea,"Amphibian - Frog, Myobatrachid",MYOBATRACHIDAE,,Anstisia,vitellina,,Orange-bellied Froglet,Yellow-bellied Frog,"Wardell-Johnson & Roberts, 1989",Anstisia vitellina,,,,,,,,,,,,
Amphibia,Anura,Myobatrachoidea,"Amphibian - Frog, Myobatrachid",MYOBATRACHIDAE,,Arenophryne,rotunda,,Northern Sandhill Frog,,"Tyler, 1976",Arenophryne rotunda,,,,,,,,,,,,
Amphibia,Anura,Myobatrachoidea,"Amphibian - Frog, Myobatrachid",MYOBATRACHIDAE,,Arenophryne,xiphorhyncha,,Southern Sandhill Frog,,"Doughty & Edwards, 2008",Arenophryne xiphorhyncha,,,,,,,,,,,,
Amphibia,Anura,Myobatrachoidea,"Amphibian - Frog, Myobatrachid",MYOBATRACHIDAE,,Assa,darlingtoni,,Hip-pocket Frog,"Marsupial Frog, Pouched Frog","Loveridge, 1933",Assa darlingtoni,,,,,,,,,,,,
Amphibia,Anura,Myobatrachoidea,"Amphibian - Frog, Myobatrachid",MYOBATRACHIDAE,,Assa,wollumbin,,Mt Wollumbin Hip-pocket Frog,,"Mahony, Hines, Mahony, Moses, Catalano, Myers & Donnellan, 2021",Assa wollumbin,,,,,,,,,,,,
Amphibia,Anura,Myobatrachoidea,"Amphibian - Frog, Myobatrachid",MYOBATRACHIDAE,,Crinia,bilingua,,Bilingual Froglet,,"Martin, Tyler & Davies, 1980",Crinia bilingua,,,,,,,,,,,,
Amphibia,Anura,Myobatrachoidea,"Amphibian - Frog, Myobatrachid",MYOBATRACHIDAE,,Crinia,deserticola,,Desert Froglet,Chirping Froglet,"Liem & Ingram, 1977",Crinia deserticola,,,,,,,,,,,,
Amphibia,Anura,Myobatrachoidea,"Amphibian - Frog, Myobatrachid",MYOBATRACHIDAE,,Crinia,fimbriata,,Kimberley Froglet,,"Doughty, Anstis & Price, 2009",Crinia fimbriata,,,,,,,,,,,,
Amphibia,Anura,Myobatrachoidea,"Amphibian - Frog, Myobatrachid",MYOBATRACHIDAE,,Crinia,flindersensis,,Northern Flinders Ranges Froglet,,"Donnellan, Anstis, Price & Wheaton, 2012",Crinia flindersensis,,,,,,,,,,,,
Amphibia,Anura,Myobatrachoidea,"Amphibian - Frog, Myobatrachid",MYOBATRACHIDAE,,Crinia,georgiana,,Quacking Frog,,"Tschudi, 1838",Crinia georgiana,,,,,,,,,,,,
Amphibia,Anura,Myobatrachoidea,"Amphibian - Frog, Myobatrachid",MYOBATRACHIDAE,,Crinia,glauerti,,Rattling Froglet,Glauert's Froglet,"Loveridge, 1933",Crinia glauerti,,,,,,,,,,,,
Amphibia,Anura,Myobatrachoidea,"Amphibian - Frog, Myobatrachid",MYOBATRACHIDAE,,Crinia,insignifera,,Squelching Froglet,,"Moore, 1954",Crinia insignifera,,,,,,,,,,,,
Amphibia,Anura,Myobatrachoidea,"Amphibian - Frog, Myobatrachid",MYOBATRACHIDAE,,Crinia,nimbus,,Moss Froglet,,"Rounsevell, Ziegeler, Brown, Davies & Littlejohn, 1994",Crinia nimbus,,,,,,,,,,,,
Amphibia,Anura,Myobatrachoidea,"Amphibian - Frog, Myobatrachid",MYOBATRACHIDAE,,Crinia,parinsignifera,,Beeping Froglet,Eastern Sign-bearing Froglet,"Main, 1957",Crinia parinsignifera,,,,,,,,,,,,
Amphibia,Anura,Myobatrachoidea,"Amphibian - Frog, Myobatrachid",MYOBATRACHIDAE,,Crinia,pseudinsignifera,,Bleating Froglet,,"Main, 1957",Crinia pseudinsignifera,,,,,,,,,,,,
Amphibia,Anura,Myobatrachoidea,"Amphibian - Frog, Myobatrachid",MYOBATRACHIDAE,,Crinia,remota,,Northern Froglet,Remote Froglet,"Tyler & Parker, 1974",Crinia remota,,,,,,,,,,,,
Amphibia,Anura,Myobatrachoidea,"Amphibian - Frog, Myobatrachid",MYOBATRACHIDAE,,Crinia,riparia,,Southern Flinders Ranges Froglet,Streambank Froglet,"Littlejohn & Martin, 1965",Crinia riparia,,,,,,,,,,,,
Amphibia,Anura,Myobatrachoidea,"Amphibian - Frog, Myobatrachid",MYOBATRACHIDAE,,Crinia,signifera,,Clicking Froglet,Common Eastern Froglet,"Girard, 1853",Crinia signifera,,,,,,,,,,,,
Amphibia,Anura,Myobatrachoidea,"Amphibian - Frog, Myobatrachid",MYOBATRACHIDAE,,Crinia,sloanei,,Sloane's Froglet,,"Littlejohn, 1958",Crinia sloanei,,,,,,,,,,,,
Amphibia,Anura,Myobatrachoidea,"Amphibian - Frog, Myobatrachid",MYOBATRACHIDAE,,Crinia,subinsignifera,,South Coast Froglet,,"Littlejohn, 1957",Crinia subinsignifera,,,,,,,,,,,,
Amphibia,Anura,Myobatrachoidea,"Amphibian - Frog, Myobatrachid",MYOBATRACHIDAE,,Crinia,tasmaniensis,,Tasmanian Froglet,,"Günther, 1864",Crinia tasmaniensis,,,,,,,,,,,,
Amphibia,Anura,Myobatrachoidea,"Amphibian - Frog, Myobatrachid",MYOBATRACHIDAE,,Crinia,tinnula,,Wallum Froglet,Tinkling Froglet,"Straughan & Main, 1966",Crinia tinnula,,,,,,,,,,,,
Amphibia,Anura,Myobatrachoidea,"Amphibian - Frog, Myobatrachid",MYOBATRACHIDAE,,Geocrinia,laevis,,Tasmanian Smooth Froglet,,"Günther, 1864",Geocrinia laevis,,,,,,,,,,,,
Amphibia,Anura,Myobatrachoidea,"Amphibian - Frog, Myobatrachid",MYOBATRACHIDAE,,Geocrinia,leai,,Ticking Frog,,"Fletcher, 1898",Geocrinia leai,,,,,,,,,,,,
Amphibia,Anura,Myobatrachoidea,"Amphibian - Frog, Myobatrachid",MYOBATRACHIDAE,,Geocrinia,victoriana,,Victorian Smooth Froglet,Eastern Smooth Froglet,"Boulenger, 1888",Geocrinia victoriana,,,,,,,,,,,,
Amphibia,Anura,Myobatrachoidea,"Amphibian - Frog, Myobatrachid",MYOBATRACHIDAE,,Metacrinia,nichollsi,,Forest Toadlet,Nicholls' Toadlet,"Harrison, 1927",Metacrinia nichollsi,,,,,,,,,,,,
Amphibia,Anura,Myobatrachoidea,"Amphibian - Frog, Myobatrachid",MYOBATRACHIDAE,,Mixophyes,balbus,,Southern Barred Frog,Stuttering Barred Frog,"Straughan, 1968",Mixophyes balbus,,,,,,,,,,,,
Amphibia,Anura,Myobatrachoidea,"Amphibian - Frog, Myobatrachid",MYOBATRACHIDAE,,Mixophyes,carbinensis,,Carbine Barred Frog,,"Mahony, Donnellan, Richards & McDonald, 2006",Mixophyes carbinensis,,,,,,,,,,,,
Amphibia,Anura,Myobatrachoidea,"Amphibian - Frog, Myobatrachid",MYOBATRACHIDAE,,Mixophyes,coggeri,,Mottled Barred Frog,,"Mahony, Donnellan, Richards & McDonald, 2006",Mixophyes coggeri,,,,,,,,,,,,
Amphibia,Anura,Myobatrachoidea,"Amphibian - Frog, Myobatrachid",MYOBATRACHIDAE,,Mixophyes,fasciolatus,,Great Barred Frog,,"Günther, 1864",Mixophyes fasciolatus,,,,,,,,,,,,
Amphibia,Anura,Myobatrachoidea,"Amphibian - Frog, Myobatrachid",MYOBATRACHIDAE,,Mixophyes,fleayi,,Fleay's Barred Frog,,"Corben & Ingram, 1987",Mixophyes fleayi,,,,,,,,,,,,
Amphibia,Anura,Myobatrachoidea,"Amphibian - Frog, Myobatrachid",MYOBATRACHIDAE,,Mixophyes,iteratus,,Giant Barred Frog,,"Straughan, 1968",Mixophyes iteratus,,,,,,,,,,,,
Amphibia,Anura,Myobatrachoidea,"Amphibian - Frog, Myobatrachid",MYOBATRACHIDAE,,Mixophyes,schevilli,,Northern Barred Frog,,"Loveridge, 1933",Mixophyes schevilli,,,,,,,,,,,,
Amphibia,Anura,Myobatrachoidea,"Amphibian - Frog, Myobatrachid",MYOBATRACHIDAE,,Myobatrachus,gouldii,,Turtle Frog,,"Gray, 1841",Myobatrachus gouldii,,,,,,,,,,,,
Amphibia,Anura,Myobatrachoidea,"Amphibian - Frog, Myobatrachid",MYOBATRACHIDAE,,Paracrinia,haswelli,,Haswell's Froglet,,"Fletcher, 1894",Paracrinia haswelli,,,,,,,,,,,,
Amphibia,Anura,Myobatrachoidea,"Amphibian - Frog, Myobatrachid",MYOBATRACHIDAE,,Pseudophryne,australis,,Red-crowned Broodfrog,,"Gray, 1835",Pseudophryne australis,,,,,,,,,,,,
Amphibia,Anura,Myobatrachoidea,"Amphibian - Frog, Myobatrachid",MYOBATRACHIDAE,,Pseudophryne,bibronii,,Brown Broodfrog,Bibron’s Broodfrog,"Günther, 1858",Pseudophryne bibronii,,,,,,,,,,,,
Amphibia,Anura,Myobatrachoidea,"Amphibian - Frog, Myobatrachid",MYOBATRACHIDAE,,Pseudophryne,coriacea,,Red-backed Broodfrog,"Red-backed Toadlet,","Keferstein, 1868",Pseudophryne coriacea,,,,,,,,,,,,
Amphibia,Anura,Myobatrachoidea,"Amphibian - Frog, Myobatrachid",MYOBATRACHIDAE,,Pseudophryne,corroboree,,Southern Corroboree Frog,,"Moore, 1953",Pseudophryne corroboree,,,,,,,,,,,,
Amphibia,Anura,Myobatrachoidea,"Amphibian - Frog, Myobatrachid",MYOBATRACHIDAE,,Pseudophryne,covacevichae,,Magnificent Broodfrog,,"Ingram & Corben, 1994",Pseudophryne covacevichae,,,,,,,,,,,,
Amphibia,Anura,Myobatrachoidea,"Amphibian - Frog, Myobatrachid",MYOBATRACHIDAE,,Pseudophryne,dendyi,,Dendy's Broodfrog,,"Lucas, 1892",Pseudophryne dendyi,,,,,,,,,,,,
Amphibia,Anura,Myobatrachoidea,"Amphibian - Frog, Myobatrachid",MYOBATRACHIDAE,,Pseudophryne,douglasi,,Gorge Broodfrog,,"Main, 1964",Pseudophryne douglasi,,,,,,,,,,,,
Amphibia,Anura,Myobatrachoidea,"Amphibian - Frog, Myobatrachid",MYOBATRACHIDAE,,Pseudophryne,guentheri,,Crawling Broodfrog,Crawling Toadlet,"Boulenger, 1882",Pseudophryne guentheri,,,,,,,,,,,,
Amphibia,Anura,Myobatrachoidea,"Amphibian - Frog, Myobatrachid",MYOBATRACHIDAE,,Pseudophryne,major,,Great Brown Broodfrog,Large Toadlet,"Parker, 1940",Pseudophryne major,,,,,,,,,,,,
Amphibia,Anura,Myobatrachoidea,"Amphibian - Frog, Myobatrachid",MYOBATRACHIDAE,,Pseudophryne,occidentalis,,Western Broodfrog,Western Toadlet,"Parker, 1940",Pseudophryne occidentalis,,,,,,,,,,,,
Amphibia,Anura,Myobatrachoidea,"Amphibian - Frog, Myobatrachid",MYOBATRACHIDAE,,Pseudophryne,pengilleyi,,Northern Corroboree Frog,,"Wells & Wellington, 1985",Pseudophryne pengilleyi,,,,,,,,,,,,
Amphibia,Anura,Myobatrachoidea,"Amphibian - Frog, Myobatrachid",MYOBATRACHIDAE,,Pseudophryne,raveni,,Copper-backed Broodfrog,,"Ingram & Corben, 1994",Pseudophryne raveni,,,,,,,,,,,,
Amphibia,Anura,Myobatrachoidea,"Amphibian - Frog, Myobatrachid",MYOBATRACHIDAE,,Pseudophryne,robinsoni,,Central Ranges Broodfrog,,"Donnellan, Mahony & Bertozzi, 2012",Pseudophryne robinsoni,,,,,,,,,,,,
Amphibia,Anura,Myobatrachoidea,"Amphibian - Frog, Myobatrachid",MYOBATRACHIDAE,,Pseudophryne,semimarmorata,,Southern Broodfrog,,"Lucas, 1892",Pseudophryne semimarmorata,,,,,,,,,,,,
Amphibia,Anura,Myobatrachoidea,"Amphibian - Frog, Myobatrachid",MYOBATRACHIDAE,,Rheobatrachus,silus,,Southern Gastric Brooding Frog,,"Liem, 1973",Rheobatrachus silus,,,,,,,,,,,,
Amphibia,Anura,Myobatrachoidea,"Amphibian - Frog, Myobatrachid",MYOBATRACHIDAE,,Rheobatrachus,vitellinus,,Northern Gastric Brooding Frog,,"Mahony, Tyler & Davies, 1984",Rheobatrachus vitellinus,,,,,,,,,,,,
Amphibia,Anura,Myobatrachoidea,"Amphibian - Frog, Myobatrachid",MYOBATRACHIDAE,,Spicospina,flammocaerulea,,Sunset Frog,,"Roberts, Horwitz, Wardell-Johnson, Maxson & Mahony, 1997",Spicospina flammocaerulea,,,,,,,,,,,,
Amphibia,Anura,Myobatrachoidea,"Amphibian - Frog, Myobatrachid",MYOBATRACHIDAE,,Taudactylus,acutirostris,,Sharp-snouted Dayfrog,,"Andersson, 1916",Taudactylus acutirostris,,,,,,,,,,,,
Amphibia,Anura,Myobatrachoidea,"Amphibian - Frog, Myobatrachid",MYOBATRACHIDAE,,Taudactylus,diurnus,,Southern Dayfrog,,"Straughan & Lee, 1966",Taudactylus diurnus,,,,,,,,,,,,
Amphibia,Anura,Myobatrachoidea,"Amphibian - Frog, Myobatrachid",MYOBATRACHIDAE,,Taudactylus,eungellensis,,Eungella Dayfrog,,"Liem & Hosmer, 1973",Taudactylus eungellensis,,,,,,,,,,,,
Amphibia,Anura,Myobatrachoidea,"Amphibian - Frog, Myobatrachid",MYOBATRACHIDAE,,Taudactylus,liemi,,Eungella Tinker Frog,,"Ingram, 1980",Taudactylus liemi,,,,,,,,,,,,
Amphibia,Anura,Myobatrachoidea,"Amphibian - Frog, Myobatrachid",MYOBATRACHIDAE,,Taudactylus,pleione,,Kroombit Tinker Frog,,"Czechura, 1986",Taudactylus pleione,,,,,,,,,,,,
Amphibia,Anura,Myobatrachoidea,"Amphibian - Frog, Myobatrachid",MYOBATRACHIDAE,,Taudactylus,rheophilus,,Northern Tinker Frog,,"Liem & Hosmer, 1973",Taudactylus rheophilus,,,,,,,,,,,,
Amphibia,Anura,Myobatrachoidea,"Amphibian - Frog, Myobatrachid",MYOBATRACHIDAE,,Uperoleia,altissima,,Upland Toadlet,Tableland Gungan,"Davies, Watson, McDonald, Trenerry & Werren, 1993",Uperoleia altissima,,,,,,,,,,,,
Amphibia,Anura,Myobatrachoidea,"Amphibian - Frog, Myobatrachid",MYOBATRACHIDAE,,Uperoleia,arenicola,,Kakadu Toadlet,Jabiru Toadlet,"Tyler, Davies & Martin, 1981",Uperoleia arenicola,,,,,,,,,,,,
Amphibia,Anura,Myobatrachoidea,"Amphibian - Frog, Myobatrachid",MYOBATRACHIDAE,,Uperoleia,aspera,,Derby Toadlet,,"Tyler, Davies & Martin, 1981",Uperoleia aspera,,,,,,,,,,,,
Amphibia,Anura,Myobatrachoidea,"Amphibian - Frog, Myobatrachid",MYOBATRACHIDAE,,Uperoleia,borealis,,Northern Toadlet,,"Tyler, Davies & Martin, 1981",Uperoleia borealis,,,,,,,,,,,,
Amphibia,Anura,Myobatrachoidea,"Amphibian - Frog, Myobatrachid",MYOBATRACHIDAE,,Uperoleia,crassa,,Fat Toadlet,,"Tyler, Davies & Martin, 1981",Uperoleia crassa,,,,,,,,,,,,
Amphibia,Anura,Myobatrachoidea,"Amphibian - Frog, Myobatrachid",MYOBATRACHIDAE,,Uperoleia,daviesae,,Howard Springs Toadlet,,"Young, Tyler & Kent, 2005",Uperoleia daviesae,,,,,,,,,,,,
Amphibia,Anura,Myobatrachoidea,"Amphibian - Frog, Myobatrachid",MYOBATRACHIDAE,,Uperoleia,fusca,,Dusky Toadlet,Dusky Gungan,"Davies, McDonald & Corben, 1986",Uperoleia fusca,,,,,,,,,,,,
Amphibia,Anura,Myobatrachoidea,"Amphibian - Frog, Myobatrachid",MYOBATRACHIDAE,,Uperoleia,glandulosa,,Glandular Toadlet,,"Davies, Mahony & Roberts, 1985",Uperoleia glandulosa,,,,,,,,,,,,
Amphibia,Anura,Myobatrachoidea,"Amphibian - Frog, Myobatrachid",MYOBATRACHIDAE,,Uperoleia,gurrumuli,,Gurrumul's Toadlet,,"Catullo & Keogh, 2021",Uperoleia gurrumuli,,,,,,,,,,,,
Amphibia,Anura,Myobatrachoidea,"Amphibian - Frog, Myobatrachid",MYOBATRACHIDAE,,Uperoleia,inundata,,Floodplain Toadlet,Floodplain Gungan,"Tyler, Davies & Martin, 1981",Uperoleia inundata,,,,,,,,,,,,
Amphibia,Anura,Myobatrachoidea,"Amphibian - Frog, Myobatrachid",MYOBATRACHIDAE,,Uperoleia,laevigata,,Eastern Toadlet,"Smooth Toadlet, Eastern Gungan","Keferstein, 1867",Uperoleia laevigata,,,,,,,,,,,,
Amphibia,Anura,Myobatrachoidea,"Amphibian - Frog, Myobatrachid",MYOBATRACHIDAE,,Uperoleia,lithomoda,,Stonemason Toadlet,Stonemason Gungan,"Tyler, Davies & Martin, 1981",Uperoleia lithomoda,,,,,,,,,,,,
Amphibia,Anura,Myobatrachoidea,"Amphibian - Frog, Myobatrachid",MYOBATRACHIDAE,,Uperoleia,littlejohni,,Einasleigh Toadlet,"Littlejohn's Toadlet, Einasleigh Gungan","Davies, McDonald & Corben, 1986",Uperoleia littlejohni,,,,,,,,,,,,
Amphibia,Anura,Myobatrachoidea,"Amphibian - Frog, Myobatrachid",MYOBATRACHIDAE,,Uperoleia,mahonyi,,Mahony's Toadlet,,"Clulow, Anstis, Keogh & Catullo, 2016",Uperoleia mahonyi,,,,,,,,,,,,
Amphibia,Anura,Myobatrachoidea,"Amphibian - Frog, Myobatrachid",MYOBATRACHIDAE,,Uperoleia,marmorata,,Marbled Toadlet,,"Gray, 1841",Uperoleia marmorata,,,,,,,,,,,,
Amphibia,Anura,Myobatrachoidea,"Amphibian - Frog, Myobatrachid",MYOBATRACHIDAE,,Uperoleia,martini,,Martin's Toadlet,,"Davies & Littlejohn, 1986",Uperoleia martini,,,,,,,,,,,,
Amphibia,Anura,Myobatrachoidea,"Amphibian - Frog, Myobatrachid",MYOBATRACHIDAE,,Uperoleia,micra,,Tiny Toadlet,,"Doughty & Roberts, 2008",Uperoleia micra,,,,,,,,,,,,
Amphibia,Anura,Myobatrachoidea,"Amphibian - Frog, Myobatrachid",MYOBATRACHIDAE,,Uperoleia,micromeles,,Tanami Toadlet,,"Tyler, Davies & Martin, 1981",Uperoleia micromeles,,,,,,,,,,,,
Amphibia,Anura,Myobatrachoidea,"Amphibian - Frog, Myobatrachid",MYOBATRACHIDAE,,Uperoleia,mimula,,Mimic Toadlet,Mimicking Gungan,"Davies, McDonald & Corben, 1986",Uperoleia mimula,,,,,,,,,,,,
Amphibia,Anura,Myobatrachoidea,"Amphibian - Frog, Myobatrachid",MYOBATRACHIDAE,,Uperoleia,minima,,Small Toadlet,,"Tyler, Davies & Martin, 1981",Uperoleia minima,,,,,,,,,,,,
Amphibia,Anura,Myobatrachoidea,"Amphibian - Frog, Myobatrachid",MYOBATRACHIDAE,,Uperoleia,mjobergii,,West Kimberley Toadlet,,"Andersson, 1913",Uperoleia mjobergii,,,,,,,,,,,,
Amphibia,Anura,Myobatrachoidea,"Amphibian - Frog, Myobatrachid",MYOBATRACHIDAE,,Uperoleia,orientalis,,Alexandria Toadlet,,"Parker, 1940",Uperoleia orientalis,,,,,,,,,,,,
Amphibia,Anura,Myobatrachoidea,"Amphibian - Frog, Myobatrachid",MYOBATRACHIDAE,,Uperoleia,rugosa,,Chubby Toadlet,"Wrinkled Toadlet, Chubby Gungan","Andersson, 1916",Uperoleia rugosa,,,,,,,,,,,,
Amphibia,Anura,Myobatrachoidea,"Amphibian - Frog, Myobatrachid",MYOBATRACHIDAE,,Uperoleia,russelli,,Western Toadlet,,"Loveridge, 1933",Uperoleia russelli,,,,,,,,,,,,
Amphibia,Anura,Myobatrachoidea,"Amphibian - Frog, Myobatrachid",MYOBATRACHIDAE,,Uperoleia,saxatilis,,Pilbara Toadlet,,"Catullo, Doughty, Roberts & Keogh, 2011",Uperoleia saxatilis,,,,,,,,,,,,
Amphibia,Anura,Myobatrachoidea,"Amphibian - Frog, Myobatrachid",MYOBATRACHIDAE,,Uperoleia,stridera,,Ratcheting Toadlet,,"Catullo, Doughty & Keogh, 2014",Uperoleia stridera,,,,,,,,,,,,
Amphibia,Anura,Myobatrachoidea,"Amphibian - Frog, Myobatrachid",MYOBATRACHIDAE,,Uperoleia,talpa,,Mole Toadlet,,"Tyler, Davies & Martin, 1981",Uperoleia talpa,,,,,,,,,,,,
Amphibia,Anura,Myobatrachoidea,"Amphibian - Frog, Myobatrachid",MYOBATRACHIDAE,,Uperoleia,trachyderma,,Blacksoil Toadlet,Orange Shouldered Gungan,"Tyler, Davies & Martin, 1981",Uperoleia trachyderma,,,,,,,,,,,,
Amphibia,Anura,Myobatrachoidea,"Amphibian - Frog, Myobatrachid",MYOBATRACHIDAE,,Uperoleia,tyleri,,Tyler's Toadlet,,"Davies & Littlejohn, 1986",Uperoleia tyleri,,,,,,,,,,,,
Amphibia,Anura,Ranidae,"Amphibian - Frog, Ranid",RANIDAE,,Papurana,daemeli,,Wood Frog,Australian Wood Frog,"Steindachner, 1868",Papurana daemeli,,,,,,,,,,,,
Amphibia,Anura,Bufonidae,"Amphibian - Frog, Toad",BUFONIDAE,,Rhinella,marina,,Cane Toad,,"Linnaeus, 1758",Rhinella marina,,,,,,,,,,,,
,,,,,,,,,,,,,,,,,,,,,,,,
,,,,,,,,,,,,,,,,,,,,,,,,
,,,,,,,,,,,,,,,,,,,,,,,,
,,,,,,,,,,,,,,,,,,,,,,,,
,,,,,,,,,,,,,,,,,,,,,,,,
,,,,,,,,,,,,,,,,,,,,,,,,
,,,,,,,,,,,,,,,,,,,,,,,,
,,,,,,,,,,,,,,,,,,,,,,,,
,,,,,,,,,,,,,,,,,,,,,,,,
,,,,,,,,,,,,,,,,,,,,,,,,
,,,,,,,,,,,,,,,,,,,,,,,,
,,,,,,,,,,,,,,,,,,,,,,,,
,,,,,,,,,,,,,,,,,,,,,,,,
,,,,,,,,,,,,,,,,,,,,,,,,
,,,,,,,,,,,,,,,,,,,,,,,,
,,,,,,,,,,,,,,,,,,,,,,,,
,,,,,,,,,,,,,,,,,,,,,,,,
,,,,,,,,,,,,,,,,,,,,,,,,
,,,,,,,,,,,,,,,,,,,,,,,,
,,,,,,,,,,,,,,,,,,,,,,,,
,,,,,,,,,,,,,,,,,,,,,,,,
,,,,,,,,,,,,,,,,,,,,,,,,
,,,,,,,,,,,,,,,,,,,,,,,,
,,,,,,,,,,,,,,,,,,,,,,,,
,,,,,,,,,,,,,,,,,,,,,,,,
,,,,,,,,,,,,,,,,,,,,,,,,
,,,,,,,,,,,,,,,,,,,,,,,,
,,,,,,,,,,,,,,,,,,,,,,,,
,,,,,,,,,,,,,,,,,,,,,,,,
,,,,,,,,,,,,,,,,,,,,,,,,
,,,,,,,,,,,,,,,,,,,,,,,,
,,,,,,,,,,,,,,,,,,,,,,,,
,,,,,,,,,,,,,,,,,,,,,,,,
,,,,,,,,,,,,,,,,,,,,,,,,
,,,,,,,,,,,,,,,,,,,,,,,,
,,,,,,,,,,,,,,,,,,,,,,,,
,,,,,,,,,,,,,,,,,,,,,,,,
,,,,,,,,,,,,,,,,,,,,,,,,
,,,,,,,,,,,,,,,,,,,,,,,,
,,,,,,,,,,,,,,,,,,,,,,,,
,,,,,,,,,,,,,,,,,,,,,,,,
,,,,,,,,,,,,,,,,,,,,,,,,
,,,,,,,,,,,,,,,,,,,,,,,,
,,,,,,,,,,,,,,,,,,,,,,,,
,,,,,,,,,,,,,,,,,,,,,,,,
,,,,,,,,,,,,,,,,,,,,,,,,
,,,,,,,,,,,,,,,,,,,,,,,,
,,,,,,,,,,,,,,,,,,,,,,,,
,,,,,,,,,,,,,,,,,,,,,,,,
,,,,,,,,,,,,,,,,,,,,,,,,
,,,,,,,,,,,,,,,,,,,,,,,,
,,,,,,,,,,,,,,,,,,,,,,,,
,,,,,,,,,,,,,,,,,,,,,,,,
,,,,,,,,,,,,,,,,,,,,,,,,
,,,,,,,,,,,,,,,,,,,,,,,,
,,,,,,,,,,,,,,,,,,,,,,,,
,,,,,,,,,,,,,,,,,,,,,,,,
,,,,,,,,,,,,,,,,,,,,,,,,
,,,,,,,,,,,,,,,,,,,,,,,,
,,,,,,,,,,,,,,,,,,,,,,,,
,,,,,,,,,,,,,,,,,,,,,,,,
,,,,,,,,,,,,,,,,,,,,,,,,
,,,,,,,,,,,,,,,,,,,,,,,,
,,,,,,,,,,,,,,,,,,,,,,,,
,,,,,,,,,,,,,,,,,,,,,,,,
,,,,,,,,,,,,,,,,,,,,,,,,
,,,,,,,,,,,,,,,,,,,,,,,,
,,,,,,,,,,,,,,,,,,,,,,,,
,,,,,,,,,,,,,,,,,,,,,,,,
,,,,,,,,,,,,,,,,,,,,,,,,
,,,,,,,,,,,,,,,,,,,,,,,,
,,,,,,,,,,,,,,,,,,,,,,,,
,,,,,,,,,,,,,,,,,,,,,,,,
,,,,,,,,,,,,,,,,,,,,,,,,
,,,,,,,,,,,,,,,,,,,,,,,,
,,,,,,,,,,,,,,,,,,,,,,,,
,,,,,,,,,,,,,,,,,,,,,,,,
,,,,,,,,,,,,,,,,,,,,,,,,
,,,,,,,,,,,,,,,,,,,,,,,,
,,,,,,,,,,,,,,,,,,,,,,,,
,,,,,,,,,,,,,,,,,,,,,,,,
,,,,,,,,,,,,,,,,,,,,,,,,
,,,,,,,,,,,,,,,,,,,,,,,,
,,,,,,,,,,,,,,,,,,,,,,,,
,,,,,,,,,,,,,,,,,,,,,,,,
,,,,,,,,,,,,,,,,,,,,,,,,
,,,,,,,,,,,,,,,,,,,,,,,,
,,,,,,,,,,,,,,,,,,,,,,,,
,,,,,,,,,,,,,,,,,,,,,,,,
,,,,,,,,,,,,,,,,,,,,,,,,
,,,,,,,,,,,,,,,,,,,,,,,,
,,,,,,,,,,,,,,,,,,,,,,,,
,,,,,,,,,,,,,,,,,,,,,,,,
,,,,,,,,,,,,,,,,,,,,,,,,
,,,,,,,,,,,,,,,,,,,,,,,,
,,,,,,,,,,,,,,,,,,,,,,,,
,,,,,,,,,,,,,,,,,,,,,,,,
,,,,,,,,,,,,,,,,,,,,,,,,
,,,,,,,,,,,,,,,,,,,,,,,,
,,,,,,,,,,,,,,,,,,,,,,,,
,,,,,,,,,,,,,,,,,,,,,,,,
,,,,,,,,,,,,,,,,,,,,,,,,
,,,,,,,,,,,,,,,,,,,,,,,,
,,,,,,,,,,,,,,,,,,,,,,,,
,,,,,,,,,,,,,,,,,,,,,,,,
,,,,,,,,,,,,,,,,,,,,,,,,
,,,,,,,,,,,,,,,,,,,,,,,,
,,,,,,,,,,,,,,,,,,,,,,,,
,,,,,,,,,,,,,,,,,,,,,,,,
,,,,,,,,,,,,,,,,,,,,,,,,
,,,,,,,,,,,,,,,,,,,,,,,,
,,,,,,,,,,,,,,,,,,,,,,,,
,,,,,,,,,,,,,,,,,,,,,,,,
,,,,,,,,,,,,,,,,,,,,,,,,
,,,,,,,,,,,,,,,,,,,,,,,,
,,,,,,,,,,,,,,,,,,,,,,,,
,,,,,,,,,,,,,,,,,,,,,,,,
,,,,,,,,,,,,,,,,,,,,,,,,
,,,,,,,,,,,,,,,,,,,,,,,,
,,,,,,,,,,,,,,,,,,,,,,,,
,,,,,,,,,,,,,,,,,,,,,,,,
,,,,,,,,,,,,,,,,,,,,,,,,
,,,,,,,,,,,,,,,,,,,,,,,,
,,,,,,,,,,,,,,,,,,,,,,,,
,,,,,,,,,,,,,,,,,,,,,,,,
,,,,,,,,,,,,,,,,,,,,,,,,
,,,,,,,,,,,,,,,,,,,,,,,,
,,,,,,,,,,,,,,,,,,,,,,,,
,,,,,,,,,,,,,,,,,,,,,,,,
,,,,,,,,,,,,,,,,,,,,,,,,
,,,,,,,,,,,,,,,,,,,,,,,,
,,,,,,,,,,,,,,,,,,,,,,,,
,,,,,,,,,,,,,,,,,,,,,,,,
,,,,,,,,,,,,,,,,,,,,,,,,
,,,,,,,,,,,,,,,,,,,,,,,,
,,,,,,,,,,,,,,,,,,,,,,,,
,,,,,,,,,,,,,,,,,,,,,,,,
,,,,,,,,,,,,,,,,,,,,,,,,
,,,,,,,,,,,,,,,,,,,,,,,,
,,,,,,,,,,,,,,,,,,,,,,,,
,,,,,,,,,,,,,,,,,,,,,,,,
,,,,,,,,,,,,,,,,,,,,,,,,
,,,,,,,,,,,,,,,,,,,,,,,,
,,,,,,,,,,,,,,,,,,,,,,,,
,,,,,,,,,,,,,,,,,,,,,,,,
,,,,,,,,,,,,,,,,,,,,,,,,
,,,,,,,,,,,,,,,,,,,,,,,,
,,,,,,,,,,,,,,,,,,,,,,,,
,,,,,,,,,,,,,,,,,,,,,,,,
,,,,,,,,,,,,,,,,,,,,,,,,
,,,,,,,,,,,,,,,,,,,,,,,,
,,,,,,,,,,,,,,,,,,,,,,,,
,,,,,,,,,,,,,,,,,,,,,,,,
,,,,,,,,,,,,,,,,,,,,,,,,
,,,,,,,,,,,,,,,,,,,,,,,,
,,,,,,,,,,,,,,,,,,,,,,,,
,,,,,,,,,,,,,,,,,,,,,,,,
,,,,,,,,,,,,,,,,,,,,,,,,
,,,,,,,,,,,,,,,,,,,,,,,,
,,,,,,,,,,,,,,,,,,,,,,,,
,,,,,,,,,,,,,,,,,,,,,,,,
,,,,,,,,,,,,,,,,,,,,,,,,
,,,,,,,,,,,,,,,,,,,,,,,,
,,,,,,,,,,,,,,,,,,,,,,,,
,,,,,,,,,,,,,,,,,,,,,,,,
,,,,,,,,,,,,,,,,,,,,,,,,
,,,,,,,,,,,,,,,,,,,,,,,,
,,,,,,,,,,,,,,,,,,,,,,,,
,,,,,,,,,,,,,,,,,,,,,,,,
,,,,,,,,,,,,,,,,,,,,,,,,
,,,,,,,,,,,,,,,,,,,,,,,,
,,,,,,,,,,,,,,,,,,,,,,,,
,,,,,,,,,,,,,,,,,,,,,,,,
,,,,,,,,,,,,,,,,,,,,,,,,
,,,,,,,,,,,,,,,,,,,,,,,,
,,,,,,,,,,,,,,,,,,,,,,,,
,,,,,,,,,,,,,,,,,,,,,,,,
,,,,,,,,,,,,,,,,,,,,,,,,
,,,,,,,,,,,,,,,,,,,,,,,,
,,,,,,,,,,,,,,,,,,,,,,,,
,,,,,,,,,,,,,,,,,,,,,,,,
,,,,,,,,,,,,,,,,,,,,,,,,
,,,,,,,,,,,,,,,,,,,,,,,,
,,,,,,,,,,,,,,,,,,,,,,,,
,,,,,,,,,,,,,,,,,,,,,,,,
,,,,,,,,,,,,,,,,,,,,,,,,
,,,,,,,,,,,,,,,,,,,,,,,,
,,,,,,,,,,,,,,,,,,,,,,,,
,,,,,,,,,,,,,,,,,,,,,,,,
,,,,,,,,,,,,,,,,,,,,,,,,
,,,,,,,,,,,,,,,,,,,,,,,,
,,,,,,,,,,,,,,,,,,,,,,,,
,,,,,,,,,,,,,,,,,,,,,,,,
,,,,,,,,,,,,,,,,,,,,,,,,
,,,,,,,,,,,,,,,,,,,,,,,,
,,,,,,,,,,,,,,,,,,,,,,,,
,,,,,,,,,,,,,,,,,,,,,,,,
,,,,,,,,,,,,,,,,,,,,,,,,
,,,,,,,,,,,,,,,,,,,,,,,,
,,,,,,,,,,,,,,,,,,,,,,,,
,,,,,,,,,,,,,,,,,,,,,,,,
,,,,,,,,,,,,,,,,,,,,,,,,
,,,,,,,,,,,,,,,,,,,,,,,,
,,,,,,,,,,,,,,,,,,,,,,,,
,,,,,,,,,,,,,,,,,,,,,,,,
,,,,,,,,,,,,,,,,,,,,,,,,
,,,,,,,,,,,,,,,,,,,,,,,,
,,,,,,,,,,,,,,,,,,,,,,,,
,,,,,,,,,,,,,,,,,,,,,,,,
,,,,,,,,,,,,,,,,,,,,,,,,
,,,,,,,,,,,,,,,,,,,,,,,,
,,,,,,,,,,,,,,,,,,,,,,,,
,,,,,,,,,,,,,,,,,,,,,,,,
,,,,,,,,,,,,,,,,,,,,,,,,
,,,,,,,,,,,,,,,,,,,,,,,,
,,,,,,,,,,,,,,,,,,,,,,,,
,,,,,,,,,,,,,,,,,,,,,,,,
,,,,,,,,,,,,,,,,,,,,,,,,
,,,,,,,,,,,,,,,,,,,,,,,,
,,,,,,,,,,,,,,,,,,,,,,,,
,,,,,,,,,,,,,,,,,,,,,,,,
,,,,,,,,,,,,,,,,,,,,,,,,
,,,,,,,,,,,,,,,,,,,,,,,,
,,,,,,,,,,,,,,,,,,,,,,,,
,,,,,,,,,,,,,,,,,,,,,,,,
,,,,,,,,,,,,,,,,,,,,,,,,
,,,,,,,,,,,,,,,,,,,,,,,,
,,,,,,,,,,,,,,,,,,,,,,,,
,,,,,,,,,,,,,,,,,,,,,,,,
,,,,,,,,,,,,,,,,,,,,,,,,
,,,,,,,,,,,,,,,,,,,,,,,,
,,,,,,,,,,,,,,,,,,,,,,,,
,,,,,,,,,,,,,,,,,,,,,,,,
,,,,,,,,,,,,,,,,,,,,,,,,
,,,,,,,,,,,,,,,,,,,,,,,,
,,,,,,,,,,,,,,,,,,,,,,,,
,,,,,,,,,,,,,,,,,,,,,,,,
,,,,,,,,,,,,,,,,,,,,,,,,
,,,,,,,,,,,,,,,,,,,,,,,,
,,,,,,,,,,,,,,,,,,,,,,,,
,,,,,,,,,,,,,,,,,,,,,,,,
,,,,,,,,,,,,,,,,,,,,,,,,
,,,,,,,,,,,,,,,,,,,,,,,,
,,,,,,,,,,,,,,,,,,,,,,,,
,,,,,,,,,,,,,,,,,,,,,,,,
,,,,,,,,,,,,,,,,,,,,,,,,
,,,,,,,,,,,,,,,,,,,,,,,,
,,,,,,,,,,,,,,,,,,,,,,,,